<?xml version="1.0" encoding="UTF-8"?>
<project-private xmlns="http://www.netbeans.org/ns/project-private/1">
    <editor-bookmarks xmlns="http://www.netbeans.org/ns/editor-bookmarks/2" lastBookmarkId="0"/>
    <open-files xmlns="http://www.netbeans.org/ns/projectui-open-files/2">
        <group>
            <file>file:/home/valerio/NetBeansProjects/JavaApplication1/src/javaapplication1/Login.java</file>
            <file>file:/home/valerio/NetBeansProjects/JavaApplication1/src/javaapplication1/main.java</file>
            <file>file:/home/valerio/NetBeansProjects/JavaApplication1/src/javaapplication1/Recensioni.java</file>
            <file>file:/home/valerio/NetBeansProjects/JavaApplication1/src/javaapplication1/Approvazione.java</file>
            <file>file:/home/valerio/NetBeansProjects/JavaApplication1/src/javaapplication1/Crud.java</file>
            <file>file:/home/valerio/NetBeansProjects/JavaApplication1/src/javaapplication1/Admin.java</file>
            <file>file:/home/valerio/NetBeansProjects/JavaApplication1/src/javaapplication1/Utility.java</file>
            <file>file:/home/valerio/NetBeansProjects/JavaApplication1/src/javaapplication1/Motivazione.java</file>
        </group>
    </open-files>
</project-private>
